{"farClipRatio":20.0,"fov":45.0,"nearClipRatio":0.005,"projectionMode":"Perspective","viewMat":[0.300456017255783,-3.95812094211578e-09,-0.953795313835144,0.0,-0.538475155830383,0.825390636920929,-0.169625997543335,0.0,0.787253797054291,0.564561247825623,0.247993588447571,-6.01331853866577,0.0,0.0,0.0,1.0],"windowHeight":720,"windowWidth":1280}