{
  "farClipRatio": 20.0,
  "fov": 45.0,
  "nearClipRatio": 0.005,
  "projectionMode": "Perspective",
  "viewMat": [
    0.743572473526001, -1.16415321826935e-9, -0.668653428554535, 0.0,
    -0.486586093902588, 0.68588262796402, -0.541105389595032, 0.0,
    0.458618611097336, 0.727711260318756, 0.510003805160522, -4.89897918701172,
    0.0, 0.0, 0.0, 1.0
  ],
  "windowHeight": 720,
  "windowWidth": 1280
}
